Workbook

Sheet Sheet2
C3: H1 | D3: Values
C4: 22500 | E4: 30000 | G4: 36000 | I4: 125000 | K4: 200000 | M4: 300000 | O4: 360000 | Q4: 450000 | S4: 900000 | U4: (blank) | W4: Total Sum of H1 | X4: Total Sum of H1_2
A5: C1 | B5: G1 | C5: Sum of H1 | D5: Sum of H1_2 | E5: Sum of H1 | F5: Sum of H1_2 | G5: Sum of H1 | H5: Sum of H1_2 | I5: Sum of H1 | J5: Sum of H1_2 | K5: Sum of H1 | L5: Sum of H1_2 | M5: Sum of H1 | N5: Sum of H1_2 | O5: Sum of H1 | P5: Sum of H1_2 | Q5: Sum of H1 | R5: Sum of H1_2 | S5: Sum of H1 | T5: Sum of H1_2 | U5: Sum of H1 | V5: Sum of H1_2
A6: BREAD | C6: 22500 | D6: 22500 | E6: 30000 | F6: 30000 | W6: 52500 | X6: 52500
B7: IBADAN | E7: 30000 | F7: 30000 | W7: 30000 | X7: 30000
B8: LAGOS | C8: 22500 | D8: 22500 | W8: 22500 | X8: 22500
A9: LAPTOP | Q9: 450000 | R9: 450000 | S9: 900000 | T9: 900000 | W9: 1350000 | X9: 1350000
B10: ABUJA | Q10: 450000 | R10: 450000 | W10: 450000 | X10: 450000
B11: LAGOS | S11: 900000 | T11: 900000 | W11: 900000 | X11: 900000
A12: MILK | E12: 30000 | F12: 30000 | G12: 36000 | H12: 36000 | W12: 66000 | X12: 66000
B13: IBADAN | E13: 30000 | F13: 30000 | W13: 30000 | X13: 30000
B14: LAGOS | G14: 36000 | H14: 36000 | W14: 36000 | X14: 36000
A15: PHONE | M15: 300000 | N15: 300000 | O15: 360000 | P15: 360000 | W15: 660000 | X15: 660000
B16: IBADAN | O16: 360000 | P16: 360000 | W16: 360000 | X16: 360000
B17: LAGOS | M17: 300000 | N17: 300000 | W17: 300000 | X17: 300000
A18: PRODUCT
B19: LOCATION
A20: RICE | I20: 125000 | J20: 125000 | K20: 200000 | L20: 200000 | W20: 325000 | X20: 325000
B21: ABUJA | K21: 200000 | L21: 200000 | W21: 200000 | X21: 200000
B22: LAGOS | I22: 125000 | J22: 125000 | W22: 125000 | X22: 125000
A23: (blank)
B24: (blank)
A25: Grand Total | C25: 22500 | D25: 22500 | E25: 60000 | F25: 60000 | G25: 36000 | H25: 36000 | I25: 125000 | J25: 125000 | K25: 200000 | L25: 200000 | M25: 300000 | N25: 300000 | O25: 360000 | P25: 360000 | Q25: 450000 | R25: 450000 | S25: 900000 | T25: 900000 | W25: 2453500 | X25: 2453500

Sheet Sheet4

Sheet Sheet5
A3: A1 | B3: Sum of H1
A4: DATE
A5: 46030 | B5: 125000
A6: 46061 | B6: 30000
A7: 46089 | B7: 300000
A8: 46120 | B8: 450000
A9: 46150 | B9: 22500
A10: 46181 | B10: 360000
A11: 46211 | B11: 200000
A12: 46242 | B12: 36000
A13: 46273 | B13: 900000
A14: 46303 | B14: 30000
A15: (blank) | B15: 3740282.8
A16: Grand Total | B16: 6193782.8

Sheet Sheet1
A1: A1 | B1: B1 | C1: C1 | D1: D1 | E1: E1 | F1: F1 | G1: G1 | H1: H1
A2: DATE | B2: SALESPERSON | C2: PRODUCT | D2: CATEGORY | E2: QUANTITY | F2: UNITPRICE | G2: LOCATION | L2: PRODUCT | M2: UNIT PRICE
A3: 46030 | B3: JOHN | C3: RICE | D3: FOOD | E3: 5 | F3: 25000 | G3: LAGOS | H3: =E3*F3 -> 125000 | I3: =IF(H3>=300000,"HIGH","LOW") -> LOW | J3: =VLOOKUP(C3,Sheet3!$A$2:$B$7,2,0) -> 25000 | L3: LAPTOP | M3: =_xlfn.XLOOKUP(L3,Sheet3!$A$2:$A$7,Sheet3!$B$2:$B$7) -> 450000
A4: 46061 | B4: MARY | C4: MILK | D4: FOOD | E4: 10 | F4: 3000 | G4: IBADAN | H4: =E4*F4 -> 30000 | I4: =IF(H4>=300000,"HIGH","LOW") -> LOW | J4: =VLOOKUP(C4,Sheet3!$A$2:$B$7,2,0) -> 3000
A5: 46089 | B5: DAVID | C5: PHONE | D5: ELECTRONICS | E5: 2 | F5: 150000 | G5: LAGOS | H5: =E5*F5 -> 300000 | I5: =IF(H5>=300000,"HIGH","LOW") -> HIGH | J5: =VLOOKUP(C5,Sheet3!$A$2:$B$7,2,0) -> 150000
A6: 46120 | B6: SARAH | C6: LAPTOP | D6: ELECTRONICS | E6: 1 | F6: 450000 | G6: ABUJA | H6: =E6*F6 -> 450000 | I6: =IF(H6>=300000,"HIGH","LOW") -> HIGH | J6: =VLOOKUP(C6,Sheet3!$A$2:$B$7,2,0) -> 450000
A7: 46150 | B7: JOHN | C7: BREAD | D7: FOOD | E7: 15 | F7: 1500 | G7: LAGOS | H7: =E7*F7 -> 22500 | I7: =IF(H7>=300000,"HIGH","LOW") -> LOW | J7: =VLOOKUP(C7,Sheet3!$A$2:$B$7,2,0) -> 1500
A8: 46181 | B8: MARY | C8: PHONE | D8: ELECTRONICS | E8: 3 | F8: 120000 | G8: IBADAN | H8: =E8*F8 -> 360000 | I8: =IF(H8>=300000,"HIGH","LOW") -> HIGH | J8: =VLOOKUP(C8,Sheet3!$A$2:$B$7,2,0) -> 150000
A9: 46211 | B9: DAVID | C9: RICE | D9: FOOD | E9: 8 | F9: 25000 | G9: ABUJA | H9: =E9*F9 -> 200000 | I9: =IF(H9>=300000,"HIGH","LOW") -> LOW | J9: =VLOOKUP(C9,Sheet3!$A$2:$B$7,2,0) -> 25000
A10: 46242 | B10: SARAH | C10: MILK | D10: FOOD | E10: 12 | F10: 3000 | G10: LAGOS | H10: =E10*F10 -> 36000 | I10: =IF(H10>=300000,"HIGH","LOW") -> LOW | J10: =VLOOKUP(C10,Sheet3!$A$2:$B$7,2,0) -> 3000
A11: 46273 | B11: JOHN | C11: LAPTOP | D11: ELECTRONICS | E11: 2 | F11: 450000 | G11: LAGOS | H11: =E11*F11 -> 900000 | I11: =IF(H11>=300000,"HIGH","LOW") -> HIGH | J11: =VLOOKUP(C11,Sheet3!$A$2:$B$7,2,0) -> 450000
A12: 46303 | B12: MARY | C12: BREAD | D12: FOOD | E12: 20 | F12: 1500 | G12: IBADAN | H12: =E12*F12 -> 30000 | I12: =IF(H12>=300000,"HIGH","LOW") -> LOW | J12: =VLOOKUP(C12,Sheet3!$A$2:$B$7,2,0) -> 1500
H13: =SUM(H2:H11) -> 2423500
H14: =AVERAGE(H2:H11) -> 269277.78
H15: =COUNTIF(B3:B12,"JOHN") -> 3
H16: =SUMIF(B3:B12,"JOHN",H3:H12) -> 1047500
H17: =_xlfn.COUNTIFS(B3:B12,"JOHN",D3:D12,"FOOD") -> 2

Sheet Sheet1 (2)
A1: A1 | B1: B1 | C1: C1 | D1: D1 | E1: E1 | F1: F1 | G1: G1 | H1: H1
A2: DATE | B2: SALESPERSON | C2: PRODUCT | D2: CATEGORY | E2: QUANTITY | F2: UNITPRICE | G2: LOCATION
A3: 46030 | B3: JOHN | C3: RICE | D3: FOOD | E3: 5 | F3: 25000 | G3: LAGOS | H3: =E3*F3 -> 125000 | I3: =IF(H3>=300000,"HIGH","LOW") -> LOW
A4: 46061 | B4: MARY | C4: MILK | D4: FOOD | E4: 10 | F4: 3000 | G4: IBADAN | H4: =E4*F4 -> 30000 | I4: =IF(H4>=300000,"HIGH","LOW") -> LOW
A5: 46089 | B5: DAVID | C5: PHONE | D5: ELECTRONICS | E5: 2 | F5: 150000 | G5: LAGOS | H5: =E5*F5 -> 300000 | I5: =IF(H5>=300000,"HIGH","LOW") -> HIGH
A6: 46120 | B6: SARAH | C6: LAPTOP | D6: ELECTRONICS | E6: 1 | F6: 450000 | G6: ABUJA | H6: =E6*F6 -> 450000 | I6: =IF(H6>=300000,"HIGH","LOW") -> HIGH
A7: 46150 | B7: JOHN | C7: BREAD | D7: FOOD | E7: 15 | F7: 1500 | G7: LAGOS | H7: =E7*F7 -> 22500 | I7: =IF(H7>=300000,"HIGH","LOW") -> LOW
A8: 46181 | B8: MARY | C8: PHONE | D8: ELECTRONICS | E8: 3 | F8: 120000 | G8: IBADAN | H8: =E8*F8 -> 360000 | I8: =IF(H8>=300000,"HIGH","LOW") -> HIGH
A9: 46211 | B9: DAVID | C9: RICE | D9: FOOD | E9: 8 | F9: 25000 | G9: ABUJA | H9: =E9*F9 -> 200000 | I9: =IF(H9>=300000,"HIGH","LOW") -> LOW
A10: 46242 | B10: SARAH | C10: MILK | D10: FOOD | E10: 12 | F10: 3000 | G10: LAGOS | H10: =E10*F10 -> 36000 | I10: =IF(H10>=300000,"HIGH","LOW") -> LOW
A11: 46273 | B11: JOHN | C11: LAPTOP | D11: ELECTRONICS | E11: 2 | F11: 450000 | G11: LAGOS | H11: =E11*F11 -> 900000 | I11: =IF(H11>=300000,"HIGH","LOW") -> HIGH
A12: 46303 | B12: MARY | C12: BREAD | D12: FOOD | E12: 20 | F12: 1500 | G12: IBADAN | H12: =E12*F12 -> 30000 | I12: =IF(H12>=300000,"HIGH","LOW") -> LOW
H13: =SUM(H2:H11) -> 2423500
H14: =AVERAGE(H2:H11) -> 269277.78
H15: =COUNTIF(B3:B12,"JOHN") -> 3
H16: =SUMIF(B3:B12,"JOHN",H3:H12) -> 1047500
H17: =_xlfn.COUNTIFS(B3:B12,"JOHN",D3:D12,"FOOD") -> 2

Sheet Sheet3
A1: A | B1: B
A2: PRODUCT | B2: UNIT PRICE
A3: RICE | B3: 25000
A4: MILK | B4: 3000
A5: PHONE | B5: 150000
A6: LAPTOP | B6: 450000
A7: BREAD | B7: 1500
